{
  "best_params": {
    "dcf_weight": 0.5,
    "comparables_weight": 0.5,
    "growth_adjustment_factor": 1.2999999999942333,
    "wacc_adjustment_factor": 0.8684361796599323,
    "error": 3.606035316128415,
    "error_pct": 35.81978424734277,
    "iteration": 154,
    "note": "Modo Alpha Spread: 50/50 fijo, ERP 4.12%, Terminal growth conservador (1.5%)"
  },
  "iteration": 154,
  "total_iterations": 400,
  "best_error": 3.606035316128415,
  "best_error_pct": 35.81978424734277,
  "companies_trained": 13
}